<?xml version="1.0" encoding="UTF-8"?>
<project-private xmlns="http://www.netbeans.org/ns/project-private/1">
    <data xmlns="http://www.netbeans.org/ns/make-project-private/1">
        <activeConfTypeElem>1</activeConfTypeElem>
        <activeConfIndexElem>0</activeConfIndexElem>
    </data>
    <editor-bookmarks xmlns="http://www.netbeans.org/ns/editor-bookmarks/2" lastBookmarkId="0"/>
    <open-files xmlns="http://www.netbeans.org/ns/projectui-open-files/2">
        <group>
            <file>file://Mac/Home/Desktop/CSC005/Lab%201/HelloWorld_1_SetupHmwk_06-22/main.cpp</file>
        </group>
        <group name="Assignment_2">
            <file>file://Mac/Home/Desktop/TaylorKyra_CSC005_45562/Homework/Savitch_9_5_Prac2/newfile1.cpp</file>
        </group>
    </open-files>
</project-private>
